aa	codon	AIFNratiolib1	AIFNreadslib1	AnoIFNratiolib1	AnoIFNreadslib1	CAI	GC	AIFNratiolib2	AIFNreadslib2	AnoIFNratiolib2	AnoIFNreadslib2	CAImax
Ala	GCA	0.3472621175	80636	0.350102332	60727	0.6170388498	0.6666666667	0.3624364376	751745	0.3673672883	823431	1.756818599
Ala	GCC	0.2419026291	56171	0.2403274625	41686	1.756818599	1	0.1956735866	405855	0.1942757283	435457	1.756818599
Ala	GCG	0.1689326242	39227	0.1692427431	29356	0.2541725298	1	0.2462163891	510688	0.244081255	547093	1.756818599
Ala	GCT	0.2419026291	56171	0.2403274625	41686	1.4119700214	0.6666666667	0.1956735866	405855	0.1942757283	435457	1.756818599
Arg	AGA	0.0377117422	915	0.0534499976	1124	1.1243483275	0.3333333333	0.0486378121	26299	0.0610207157	43934	1.3279123414
Arg	AGG	0.6623665664	16071	0.679395121	14287	0.895017301	0.6666666667	0.6181509161	334241	0.6279436377	452110	1.3279123414
Arg	CGA	0.061492808	1492	0.0507870084	1068	0.7147347174	0.6666666667	0.0639269406	34566	0.0569622978	41012	1.3279123414
Arg	CGC	0.0331780901	805	0.0327167245	688	1.3279123414	1	0.0448890442	24272	0.0419425405	30198	1.3279123414
Arg	CGG	0.1720727033	4175	0.1509344239	3174	0.9726182238	1	0.1795062427	97061	0.1701882678	122533	1.3279123414
Arg	CGT	0.0331780901	805	0.0327167245	688	1.0112341407	0.6666666667	0.0448890442	24272	0.0419425405	30198	1.3279123414
Asn	AAC	0.5	29086	0.5	24168	1.1312676056	0.3333333333	0.5	617912	0.5	728062	1.1312676056
Asn	AAT	0.5	29086	0.5	24168	0.8687323944	0	0.5	617912	0.5	728062	1.1312676056
Asp	GAC	0.5	8730	0.5	11586	1.0611793855	0.6666666667	0.5	164633	0.5	286354	1.0611793855
Asp	GAT	0.5	8730	0.5	11586	0.9388206145	0.3333333333	0.5	164633	0.5	286354	1.0611793855
Cys	TGC	0.5	442	0.5	485	1.2357723577	0.6666666667	0.5	9111	0.5	12854	1.2357723577
Cys	TGT	0.5	442	0.5	485	0.8042276423	0.3333333333	0.5	9111	0.5	12854	1.2357723577
Gln	CAA	0.1372016395	8536	0.1399987336	6633	0.313964497	0.3333333333	0.1004516405	116501	0.1060426188	144617	1.692035503
Gln	CAG	0.8627983605	53679	0.8600012664	40746	1.692035503	0.6666666667	0.8995483595	1043271	0.8939573812	1219146	1.692035503
Glu	GAA	0.2008647562	19976	0.238943369	15911	0.8614367686	0.3333333333	0.1664986589	313492	0.1870687928	359506	1.1425632314
Glu	GAG	0.7991352438	79474	0.761056631	50678	1.1425632314	0.6666666667	0.8335013411	1569358	0.8129312072	1562279	1.1425632314
Gly	GGA	0.1137135873	19444	0.1473082609	20027	0.8041764519	0.6666666667	0.116915407	385213	0.1566763345	598215	1.5914344653
Gly	GGC	0.2993256955	51182	0.2679676065	36431	1.5914344653	1	0.2862567421	943159	0.2492738645	951767	1.5914344653
Gly	GGG	0.2876350217	49183	0.3167565262	43064	0.5440209457	1	0.3105711088	1023270	0.3447759365	1316409	1.5914344653
Gly	GGT	0.2993256955	51182	0.2679676065	36431	1.0803681371	0.6666666667	0.2862567421	943159	0.2492738645	951767	1.5914344653
His	CAC	0.5	16315	0.5	14459	1.2780652681	0.6666666667	0.5	339223	0.5	431671	1.2780652681
His	CAT	0.5	16315	0.5	14459	0.7219347319	0.3333333333	0.5	339223	0.5	431671	1.2780652681
Ile	ATA	0.0130602199	329	0.0106334636	234	0.1130120482	0	0.0114886138	10210	0.0105678836	11593	1.6563645888
Ile	ATC	0.49346989	12431	0.4946832682	10886	1.6563645888	0.3333333333	0.4942556931	439248	0.4947160582	542705	1.6563645888
Ile	ATT	0.49346989	12431	0.4946832682	10886	0.870623363	0	0.4942556931	439248	0.4947160582	542705	1.6563645888
Leu	CTA	0.3528605687	3090	0.3503452655	4414	0.310122219	0.3333333333	0.3512104714	60640	0.3483146988	127603	2.6432692863
Leu	CTC	0.2400365422	2102	0.2201762045	2774	1.2624646056	0.6666666667	0.2315243832	39975	0.2105070644	77118	2.6432692863
Leu	CTG	0.1384035629	1212	0.1581871577	1993	2.6432692863	0.6666666667	0.1477875594	25517	0.1744262223	63900	2.6432692863
Leu	CTT	0.2400365422	2102	0.2201762045	2774	0.8114533372	0.3333333333	0.2315243832	39975	0.2105070644	77118	2.6432692863
Leu	TTA	0.0010277492	9	0.00230177	29	0.1323028027	0	0.0013610564	235	0.0018862053	691	2.6432692863
Leu	TTG	0.0276350348	242	0.0488133979	615	0.8723877492	0.3333333333	0.0365921464	6318	0.0543587448	19914	2.6432692863
Lys	AAA	0.2088658993	11831	0.2040517776	9206	0.6713781625	0	0.1978471559	207897	0.1898951767	227570	1.3336218376
Lys	AAG	0.7911341007	44813	0.7959482224	35910	1.3336218376	0.3333333333	0.8021528441	842899	0.8101048233	970828	1.3336218376
Met	ATG	1	9253	1	8069	1	0.3333333333	1	94988	1	128156	1
Phe	TTC	0.5	426	0.5	269	1.2961077844	0.3333333333	0.5	6447	0.5	6297	1.2961077844
Phe	TTT	0.5	426	0.5	269	0.7138922156	0	0.5	6447	0.5	6297	1.2961077844
Pro	CCA	0.3631234889	4055	0.3643932386	4333	0.9851822187	0.6666666667	0.3691729928	32145	0.3697982411	53025	1.5341377653
Pro	CCC	0.1831288618	2045	0.178790682	2126	1.5341377653	1	0.1392624579	12126	0.133350536	19121	1.5341377653
Pro	CCG	0.2706187875	3022	0.2780253974	3306	0.3125190228	1	0.3523020913	30676	0.3635006869	52122	1.5341377653
Pro	CCT	0.1831288618	2045	0.178790682	2126	1.1841609932	0.6666666667	0.1392624579	12126	0.133350536	19121	1.5341377653
Ser	AGC	0.1259351621	101	0.1307323751	191	1.4740178904	0.6666666667	0.1219512195	1980	0.1226501425	4691	1.6673947074
Ser	AGT	0.1259351621	101	0.1307323751	191	0.6902161759	0.3333333333	0.1219512195	1980	0.1226501425	4691	1.6673947074
Ser	TCA	0.2680798005	215	0.2580424367	377	0.4007264256	0.3333333333	0.2756220744	4475	0.262791853	10051	1.6673947074
Ser	TCC	0.1284289277	103	0.1334702259	195	1.6673947074	0.6666666667	0.1239221483	2012	0.1324809789	5067	1.6673947074
Ser	TCG	0.22319202	179	0.2135523614	312	0.3633358181	0.6666666667	0.2326311899	3777	0.2269459043	8680	1.6673947074
Ser	TCT	0.1284289277	103	0.1334702259	195	1.4333089825	0.3333333333	0.1239221483	2012	0.1324809789	5067	1.6673947074
stop	TAA	1	1	1	1	1	0	1	1	1	1	1
stop	TAG	1	1	1	1	1	0.3333333333	1	1	1	1	1
stop	TGA	1	1	1	1	1	0.3333333333	1	1	1	1	1
Thr	ACA	0.4040819703	19541	0.3964388283	13804	0.7855368234	0.3333333333	0.327729323	470033	0.3177143613	451854	1.859920142
Thr	ACC	0.0503318927	2434	0.0488225158	1700	1.859920142	0.6666666667	0.203463786	291810	0.1951902754	277600	1.859920142
Thr	ACG	0.4952542443	23950	0.5059161401	17616	0.3118677906	0.6666666667	0.265343105	380558	0.291905088	415148	1.859920142
Thr	ACT	0.0503318927	2434	0.0488225158	1700	1.067675244	0.3333333333	0.203463786	291810	0.1951902754	277600	1.859920142
Trp	TGG	1	1000	1	690	1	0.6666666667	1	17598	1	19008	1
Tyr	TAC	0.4995417049	545	0.4991334489	288	1.2346188341	0.3333333333	0.4999132798	17294	0.4999349974	15382	1.2346188341
Tyr	TAT	0.5004582951	546	0.5008665511	289	0.7705381166	0	0.5000867202	17300	0.5000650026	15386	1.2346188341
Val	GTA	0.2326770255	28811	0.2445011954	22499	0.4408806925	0.3333333333	0.2324515413	653733	0.2409035173	718468	1.040745201
Val	GTC	0.1542673472	19102	0.1506846338	13866	1.040745201	0.6666666667	0.1595876887	448815	0.1572910174	469103	1.040745201
Val	GTG	0.4587882801	56809	0.4541295371	41789	0.230590892	0.6666666667	0.4483730814	1260978	0.444514448	1325715	1.040745201
Val	GTT	0.1542673472	19102	0.1506846338	13866	0.8571358675	0.3333333333	0.1595876887	448815	0.1572910174	469103	1.040745201
