aa,codon,AIFNreadssum,AnoIFNreadssum,AIFNratiosum,AnoIFNratiosum,CAI,CAImax,GC
Ala,gca,77750,40991,0.4048424889,0.3879519213,0.6170388498,1.756818599,0.6666666667
Ala,gcc,26285,14330,0.1368653996,0.1356236987,1.756818599,1.756818599,1
Ala,gcg,61730,36009,0.3214267118,0.3408006814,0.2541725298,1.756818599,1
Ala,gct,26285,14330,0.1368653996,0.1356236987,1.4119700214,1.756818599,0.6666666667
Arg,aga,401350,221242,0.0912919511,0.0950298351,1.1243483275,1.3279123414,0.3333333333
Arg,agg,1493487,738897,0.3397118281,0.3173776229,0.895017301,1.3279123414,0.6666666667
Arg,cga,456156,235632,0.1037582441,0.1012107561,0.7147347174,1.3279123414,0.6666666667
Arg,cgc,352563,193563,0.0801947531,0.0831409044,1.3279123414,1.3279123414,1
Arg,cgg,1340216,745235,0.3048484704,0.3200999771,0.9726182238,1.3279123414,1
Arg,cgt,352563,193563,0.0801947531,0.0831409044,1.0112341407,1.3279123414,0.6666666667
Asn,aac,127465,52491,0.5,0.5,1.1312676056,1.1312676056,0.3333333333
Asn,aat,127465,52491,0.5,0.5,0.8687323944,1.1312676056,0
Asp,gac,462511,241974,0.5,0.5,1.0611793855,1.0611793855,0.6666666667
Asp,gat,462511,241974,0.5,0.5,0.9388206145,1.0611793855,0.3333333333
Cys,tgc,29937,17392,0.5,0.5,1.2357723577,1.2357723577,0.6666666667
Cys,tgt,29937,17392,0.5,0.5,0.8042276423,1.2357723577,0.3333333333
Gln,caa,317144,171228,0.141776199,0.1418359114,0.313964497,1.692035503,0.3333333333
Gln,cag,1919790,1035998,0.858223801,0.8581640886,1.692035503,1.692035503,0.6666666667
Glu,gaa,188807,102338,0.4056919391,0.391850394,0.8614367686,1.1425632314,0.3333333333
Glu,gag,276588,158828,0.5943080609,0.608149606,1.1425632314,1.1425632314,0.6666666667
Gly,gga,805731,485720,0.2458036971,0.2349538045,0.8041764519,1.5914344653,0.6666666667
Gly,ggc,142612,72860,0.0435065262,0.0352440381,1.5914344653,1.5914344653,1
Gly,ggg,2186990,1435860,0.6671832505,0.6945581193,0.5440209457,1.5914344653,1
Gly,ggt,142612,72860,0.0435065262,0.0352440381,1.0803681371,1.5914344653,0.6666666667
His,cac,1762907,967390,0.5,0.5,1.2780652681,1.2780652681,0.6666666667
His,cat,1762907,967390,0.5,0.5,0.7219347319,1.2780652681,0.3333333333
Ile,ata,9019,941,0.0657922572,0.0183699366,0.1130120482,1.6563645888,0
Ile,atc,64032,25142,0.4671038714,0.4908150317,1.6563645888,1.6563645888,0.3333333333
Ile,att,64032,25142,0.4671038714,0.4908150317,0.870623363,1.6563645888,0
Leu,cta,101755,30861,0.357962021,0.360647883,0.310122219,2.6432692863,0.3333333333
Leu,ctc,62579,18027,0.2201454996,0.2106671653,1.2624646056,2.6432692863,0.6666666667
Leu,ctg,47322,17020,0.1664731832,0.1988991598,2.6432692863,2.6432692863,0.6666666667
Leu,ctt,62579,18027,0.2201454996,0.2106671653,0.8114533372,2.6432692863,0.3333333333
Leu,tta,2647,15,0.009311832,0.000175293,0.1323028027,2.6432692863,0
Leu,ttg,7380,1621,0.0259619647,0.0189433336,0.8723877492,2.6432692863,0.3333333333
Lys,aaa,57415,26232,0.1597897116,0.1544285168,0.6713781625,1.3336218376,0
Lys,aag,301901,143633,0.8402102884,0.8455714832,1.3336218376,1.3336218376,0.3333333333
Met,atg,39044,10497,1,1,1,1,0.3333333333
Phe,ttc,11941,3570,0.5,0.5,1.2961077844,1.2961077844,0.3333333333
Phe,ttt,11941,3570,0.5,0.5,0.7138922156,1.2961077844,0
Pro,cca,577756,292231,0.377663719,0.3715899872,0.9851822187,1.5341377653,0.6666666667
Pro,ccc,194357,98152,0.1270459977,0.1248064046,1.5341377653,1.5341377653,1
Pro,ccg,563346,297899,0.3682442856,0.3787972036,0.3125190228,1.5341377653,1
Pro,cct,194357,98152,0.1270459977,0.1248064046,1.1841609932,1.5341377653,0.6666666667
Ser,agc,4850,1390,0.1453619062,0.1042447878,1.4740178904,1.6673947074,0.6666666667
Ser,agt,4850,1390,0.1453619062,0.1042447878,0.6902161759,1.6673947074,0.3333333333
Ser,tca,7960,3827,0.2385733553,0.2870106495,0.4007264256,1.6673947074,0.3333333333
Ser,tcc,5138,1505,0.153993706,0.1128693565,1.6673947074,1.6673947074,0.6666666667
Ser,tcg,5429,3717,0.1627154204,0.2787610619,0.3633358181,1.6673947074,0.6666666667
Ser,tct,5138,1505,0.153993706,0.1128693565,1.4333089825,1.6673947074,0.3333333333
stop,taa,1,1,1,1,1,1,0
stop,tag,1,1,1,1,1,1,0.3333333333
stop,tga,1,1,1,1,1,1,0.3333333333
Thr,aca,133441,63504,0.2005072748,0.2091782284,0.7855368234,1.859920142,0.3333333333
Thr,acc,114855,57781,0.1725801144,0.1903270221,1.859920142,1.859920142,0.6666666667
Thr,acg,302366,124522,0.4543324964,0.4101677273,0.3118677906,1.859920142,0.6666666667
Thr,act,114855,57781,0.1725801144,0.1903270221,1.067675244,1.859920142,0.3333333333
Trp,tgg,5453,3897,1,1,1,1,0.6666666667
Tyr,tac,2152,885,0.4996517297,0.4991539763,1.2346188341,1.2346188341,0.3333333333
Tyr,tat,2155,888,0.5003482703,0.5008460237,0.7705381166,1.2346188341,0
Val,gta,132422,46177,0.3342310304,0.3017729824,0.4408806925,1.040745201,0.3333333333
Val,gtc,60343,23245,0.1523047761,0.15190924,1.040745201,1.040745201,0.6666666667
Val,gtg,143091,60352,0.3611594174,0.3944085375,0.230590892,1.040745201,0.6666666667
Val,gtt,60343,23245,0.1523047761,0.15190924,0.8571358675,1.040745201,0.3333333333
