aa,codon,AIFNratiolib1,AIFNreadslib1,AnoIFNratiolib1,AnoIFNreadslib1,AIFNratiolib2,AIFNreadslib2,AnoIFNratiolib2,AnoIFNreadslib2,AnoIFNreadslib3,AIFNreadslib3,AnoIFNratiolib3,AIFNratiolib3,AnoIFNreadssum,AIFNreadssum,AnoIFNratiosum,AIFNratiosum,CAI,CAImax,GC
Ala,gca,0.3472621175,80636,0.350102332,60727,0.3624364376,751745,0.3673672883,823431,1097409,167727,0.4250921626,0.4366207816,1981567,1000108,0.3965932362,0.3717188206,0.6170388498,1.756818599,0.6666666667
Ala,gcc,0.2419026291,56171,0.2403274625,41686,0.1956735866,405855,0.1942757283,435457,296772,38187,0.1149575512,0.0994069994,773915,500213,0.154892292,0.1859185072,1.756818599,1.756818599,1
Ala,gcg,0.1689326242,39227,0.1692427431,29356,0.2462163891,510688,0.244081255,547093,890626,140047,0.3449927351,0.3645652197,1467075,689962,0.2936221798,0.2564441649,0.2541725298,1.756818599,1
Ala,gct,0.2419026291,56171,0.2403274625,41686,0.1956735866,405855,0.1942757283,435457,296772,38187,0.1149575512,0.0994069994,773915,500213,0.154892292,0.1859185072,1.4119700214,1.756818599,0.6666666667
Arg,aga,0.0377117422,915,0.0534499976,1124,0.0486378121,26299,0.0610207157,43934,274408,41146,0.1079052868,0.053036455,319466,68360,0.0972777895,0.0509852474,1.1243483275,1.3279123414,0.3333333333
Arg,agg,0.6623665664,16071,0.679395121,14287,0.6181509161,334241,0.6279436377,452110,606390,239075,0.2384503617,0.3081633811,1072787,589387,0.3266649594,0.4395851668,0.895017301,1.3279123414,0.6666666667
Arg,cga,0.061492808,1492,0.0507870084,1068,0.0639269406,34566,0.0569622978,41012,182166,39218,0.0716330226,0.0505512976,224246,75276,0.0682831825,0.0561434389,0.7147347174,1.3279123414,0.6666666667
Arg,cgc,0.0331780901,805,0.0327167245,688,0.0448890442,24272,0.0419425405,30198,329801,62016,0.1296874416,0.0799375102,360687,87093,0.1098296346,0.0649569653,1.3279123414,1.3279123414,1
Arg,cgg,0.1720727033,4175,0.1509344239,3174,0.1795062427,97061,0.1701882678,122533,820479,332335,0.3226364457,0.428373846,946186,433571,0.2881147994,0.3233722162,0.9726182238,1.3279123414,1
Arg,cgt,0.0331780901,805,0.0327167245,688,0.0448890442,24272,0.0419425405,30198,329801,62016,0.1296874416,0.0799375102,360687,87093,0.1098296346,0.0649569653,1.0112341407,1.3279123414,0.6666666667
Asn,aac,0.5,29086,0.5,24168,0.5,617912,0.5,728062,1283439,196183,0.5,0.5,2035669,843181,0.5,0.5,1.1312676056,1.1312676056,0.3333333333
Asn,aat,0.5,29086,0.5,24168,0.5,617912,0.5,728062,1283439,196183,0.5,0.5,2035669,843181,0.5,0.5,0.8687323944,1.1312676056,0
Asp,gac,0.5,8730,0.5,11586,0.5,164633,0.5,286354,2230467,774329,0.5,0.5,2528407,947692,0.5,0.5,1.0611793855,1.0611793855,0.6666666667
Asp,gat,0.5,8730,0.5,11586,0.5,164633,0.5,286354,2230467,774329,0.5,0.5,2528407,947692,0.5,0.5,0.9388206145,1.0611793855,0.3333333333
Cys,tgc,0.5,442,0.5,485,0.5,9111,0.5,12854,99132,8025,0.5,0.5,112471,17578,0.5,0.5,1.2357723577,1.2357723577,0.6666666667
Cys,tgt,0.5,442,0.5,485,0.5,9111,0.5,12854,99132,8025,0.5,0.5,112471,17578,0.5,0.5,0.8042276423,1.2357723577,0.3333333333
Gln,caa,0.1372016395,8536,0.1399987336,6633,0.1004516405,116501,0.1060426188,144617,1615065,382269,0.1644378681,0.1530387236,1766315,507306,0.1572451258,0.1363782631,0.313964497,1.692035503,0.3333333333
Gln,cag,0.8627983605,53679,0.8600012664,40746,0.8995483595,1043271,0.8939573812,1219146,8206669,2115589,0.8355621319,0.8469612764,9466561,3212539,0.8427548742,0.8636217369,1.692035503,1.692035503,0.6666666667
Glu,gaa,0.2008647562,19976,0.238943369,15911,0.1664986589,313492,0.1870687928,359506,2631799,1106601,0.2588906005,0.1732274183,3007216,1440069,0.2474249333,0.1720422104,0.8614367686,1.1425632314,0.3333333333
Glu,gag,0.7991352438,79474,0.761056631,50678,0.8335013411,1569358,0.8129312072,1562279,7533881,5281539,0.7411093995,0.8267725817,9146838,6930371,0.7525750667,0.8279577896,1.1425632314,1.1425632314,0.6666666667
Gly,gga,0.1137135873,19444,0.1473082609,20027,0.116915407,385213,0.1566763345,598215,2456751,948450,0.1341631467,0.1393576632,3074993,1353107,0.1381039936,0.1317320539,0.8041764519,1.5914344653,0.6666666667
Gly,ggc,0.2993256955,51182,0.2679676065,36431,0.2862567421,943159,0.2492738645,951767,4947587,1812147,0.2701876749,0.2662623979,5935785,2806488,0.2665877983,0.2732263068,1.5914344653,1.5914344653,1
Gly,ggg,0.2876350217,49183,0.3167565262,43064,0.3105711088,1023270,0.3447759365,1316409,5959743,2233125,0.3254615036,0.3281175409,7319216,3305578,0.3287204099,0.3218153325,0.5440209457,1.5914344653,1
Gly,ggt,0.2993256955,51182,0.2679676065,36431,0.2862567421,943159,0.2492738645,951767,4947587,1812147,0.2701876749,0.2662623979,5935785,2806488,0.2665877983,0.2732263068,1.0803681371,1.5914344653,0.6666666667
His,cac,0.5,16315,0.5,14459,0.5,339223,0.5,431671,4360423,693469,0.5,0.5,4806553,1049007,0.5,0.5,1.2780652681,1.2780652681,0.6666666667
His,cat,0.5,16315,0.5,14459,0.5,339223,0.5,431671,4360423,693469,0.5,0.5,4806553,1049007,0.5,0.5,0.7219347319,1.2780652681,0.3333333333
Ile,ata,0.0130602199,329,0.0106334636,234,0.0114886138,10210,0.0105678836,11593,5288,1369,0.0014871988,0.0013957695,17115,11908,0.0036612077,0.0062848403,0.1130120482,1.6563645888,0
Ile,atc,0.49346989,12431,0.4946832682,10886,0.4942556931,439248,0.4947160582,542705,1775195,489726,0.4992564006,0.4993021153,2328786,941405,0.4981693962,0.4968575799,1.6563645888,1.6563645888,0.3333333333
Ile,att,0.49346989,12431,0.4946832682,10886,0.4942556931,439248,0.4947160582,542705,1775195,489726,0.4992564006,0.4993021153,2328786,941405,0.4981693962,0.4968575799,0.870623363,1.6563645888,0
Leu,cta,0.3528605687,3090,0.3503452655,4414,0.3512104714,60640,0.3483146988,127603,636961,90102,0.3622768761,0.3488485543,768978,153832,0.3598131913,0.3498559248,0.310122219,2.6432692863,0.3333333333
Leu,ctc,0.2400365422,2102,0.2201762045,2774,0.2315243832,39975,0.2105070644,77118,374979,63794,0.2132724307,0.2469916836,454871,105871,0.2128391009,0.2407795297,1.2624646056,2.6432692863,0.6666666667
Leu,ctg,0.1384035629,1212,0.1581871577,1993,0.1477875594,25517,0.1744262223,63900,299354,29162,0.1702600818,0.1129067228,365247,55891,0.170903054,0.127111378,2.6432692863,2.6432692863,0.6666666667
Leu,ctt,0.2400365422,2102,0.2201762045,2774,0.2315243832,39975,0.2105070644,77118,374979,63794,0.2132724307,0.2469916836,454871,105871,0.2128391009,0.2407795297,0.8114533372,2.6432692863,0.3333333333
Leu,tta,0.0010277492,9,0.00230177,29,0.0013610564,235,0.0018862053,691,1482,98,0.0008428998,0.0003794273,2202,342,0.0010303398,0.0007778013,0.1323028027,2.6432692863,0
Leu,ttg,0.0276350348,242,0.0488133979,615,0.0365921464,6318,0.0543587448,19914,70461,11334,0.0400752809,0.0438819284,90990,17894,0.0425752132,0.0406958365,0.8723877492,2.6432692863,0.3333333333
Lys,aaa,0.2088658993,11831,0.2040517776,9206,0.1978471559,207897,0.1898951767,227570,611653,140228,0.1159357905,0.0649797245,848429,359956,0.1301410196,0.1102310941,0.6713781625,1.3336218376,0
Lys,aag,0.7911341007,44813,0.7959482224,35910,0.8021528441,842899,0.8101048233,970828,4664138,2017799,0.8840642095,0.9350202755,5670876,2905511,0.8698589804,0.8897689059,1.3336218376,1.3336218376,0.3333333333
Met,atg,1,9253,1,8069,1,94988,1,128156,568919,118116,1,1,705144,222357,1,1,1,1,0.3333333333
Phe,ttc,0.5,426,0.5,269,0.5,6447,0.5,6297,22190,1110,0.5,0.5,28756,7983,0.5,0.5,1.2961077844,1.2961077844,0.3333333333
Phe,ttt,0.5,426,0.5,269,0.5,6447,0.5,6297,22190,1110,0.5,0.5,28756,7983,0.5,0.5,0.7138922156,1.2961077844,0
Pro,cca,0.3631234889,4055,0.3643932386,4333,0.3691729928,32145,0.3697982411,53025,340416,34604,0.3728424836,0.3739113522,397774,70804,0.372339838,0.3711173776,0.9851822187,1.5341377653,0.6666666667
Pro,ccc,0.1831288618,2045,0.178790682,2126,0.1392624579,12126,0.133350536,19121,106998,11532,0.117190144,0.1246083029,128245,25703,0.1200448559,0.1347216253,1.5341377653,1.5341377653,1
Pro,ccg,0.2706187875,3022,0.2780253974,3306,0.3523020913,30676,0.3635006869,52122,358617,34878,0.3927772283,0.376872042,414045,68576,0.3875704501,0.3594393719,0.3125190228,1.5341377653,1
Pro,cct,0.1831288618,2045,0.178790682,2126,0.1392624579,12126,0.133350536,19121,106998,11532,0.117190144,0.1246083029,128245,25703,0.1200448559,0.1347216253,1.1841609932,1.5341377653,0.6666666667
Ser,agc,0.1259351621,101,0.1307323751,191,0.1219512195,1980,0.1226501425,4691,5972,437,0.1015525363,0.0864148705,10854,2518,0.1101761153,0.1139624349,1.4740178904,1.6673947074,0.6666666667
Ser,agt,0.1259351621,101,0.1307323751,191,0.1219512195,1980,0.1226501425,4691,5972,437,0.1015525363,0.0864148705,10854,2518,0.1101761153,0.1139624349,0.6902161759,1.6673947074,0.3333333333
Ser,tca,0.2680798005,215,0.2580424367,377,0.2756220744,4475,0.262791853,10051,15345,1299,0.2609383237,0.256871663,25773,5989,0.2616149825,0.2710568002,0.4007264256,1.6673947074,0.3333333333
Ser,tcc,0.1284289277,103,0.1334702259,195,0.1239221483,2012,0.1324809789,5067,8675,781,0.1475164521,0.1544393909,13937,2896,0.141470842,0.1310703779,1.6673947074,1.6673947074,0.6666666667
Ser,tcg,0.22319202,179,0.2135523614,312,0.2326311899,3777,0.2269459043,8680,14168,1322,0.2409236996,0.2614198141,23160,5278,0.2350911029,0.2388775741,0.3633358181,1.6673947074,0.6666666667
Ser,tct,0.1284289277,103,0.1334702259,195,0.1239221483,2012,0.1324809789,5067,8675,781,0.1475164521,0.1544393909,13937,2896,0.141470842,0.1310703779,1.4333089825,1.6673947074,0.3333333333
stop,taa,1,1,1,1,1,1,1,1,1,1,1,1,1,1,1,1,1,1,0
stop,tag,1,1,1,1,1,1,1,1,1,1,1,1,1,1,1,1,1,1,0.3333333333
stop,tga,1,1,1,1,1,1,1,1,1,1,1,1,1,1,1,1,1,1,0.3333333333
Thr,aca,0.4040819703,19541,0.3964388283,13804,0.327729323,470033,0.3177143613,451854,576571,84578,0.302341825,0.2907869449,1042229,574152,0.3098147792,0.3237524592,0.7855368234,1.859920142,0.3333333333
Thr,acc,0.0503318927,2434,0.0488225158,1700,0.203463786,291810,0.1951902754,277600,494972,78493,0.2595530087,0.2698661551,774272,372737,0.230161422,0.210178699,1.859920142,1.859920142,0.6666666667
Thr,acg,0.4952542443,23950,0.5059161401,17616,0.265343105,380558,0.291905088,415148,340502,49295,0.1785521576,0.169480745,773266,453803,0.2298623767,0.2558901428,0.3118677906,1.859920142,0.6666666667
Thr,act,0.0503318927,2434,0.0488225158,1700,0.203463786,291810,0.1951902754,277600,494972,78493,0.2595530087,0.2698661551,774272,372737,0.230161422,0.210178699,1.067675244,1.859920142,0.3333333333
Trp,tgg,1,1000,1,690,1,17598,1,19008,64397,13028,1,1,84095,31626,1,1,1,1,0.6666666667
Tyr,tac,0.4995417049,545,0.4991334489,288,0.4999132798,17294,0.4999349974,15382,1233,257,0.4877373418,0.5,16903,18096,0.4990110117,0.4999033122,1.2346188341,1.2346188341,0.3333333333
Tyr,tat,0.5004582951,546,0.5008665511,289,0.5000867202,17300,0.5000650026,15386,1295,257,0.5122626582,0.5,16970,18103,0.5009889883,0.5000966878,0.7705381166,1.2346188341,0
Val,gta,0.2326770255,28811,0.2445011954,22499,0.2324515413,653733,0.2409035173,718468,4523174,793100,0.2280443072,0.2167376919,5264141,1475644,0.2297844733,0.2237374472,0.4408806925,1.040745201,0.3333333333
Val,gtc,0.1542673472,19102,0.1506846338,13866,0.1595876887,448815,0.1572910174,469103,3317041,610419,0.1672348481,0.166814784,3800010,1078336,0.1658738427,0.1634975264,1.040745201,1.040745201,0.6666666667
Val,gtg,0.4587882801,56809,0.4541295371,41789,0.4483730814,1260978,0.444514448,1325715,8677372,1645324,0.4374859967,0.4496327402,10044876,2963111,0.4384678413,0.4492675,0.230590892,1.040745201,0.6666666667
Val,gtt,0.1542673472,19102,0.1506846338,13866,0.1595876887,448815,0.1572910174,469103,3317041,610419,0.1672348481,0.166814784,3800010,1078336,0.1658738427,0.1634975264,0.8571358675,1.040745201,0.3333333333
