,calunLib1,caluyLib1,calunLib2,caluyLib2,calunLib3,caluyLib3,aa
AGC,2601,2508,4284,1125,12862,2508,Ala
CGC,2482,1368,4369,1120,4532,1368,Ala
TGC,13681,9102,12972,18798,24732,9102,Ala
ACG,50143,29989,39582,57062,81587,29989,Arg
CCG,204622,116528,182877,226506,294421,116528,Arg
CCT,363929,161417,192502,285010,440707,161417,Arg
TCG,66253,34775,45868,63371,88130,34775,Arg
TCT,96708,47071,66897,65615,118932,47071,Arg
ATT,0,0,0,0,0,0,Asn
GTT,21881,18384,16479,20568,84642,18384,Asn
GTC,236728,54945,131626,99921,125127,54945,Asp
GCA,6797,6246,5163,4417,19048,6246,Cys
CTG,496450,290491,281773,579552,525073,290491,Gln
TTG,126126,52038,67182,83786,106618,52038,Gln
CTC,24839,19595,16476,26893,35949,19595,Glu
TTC,60564,27965,44345,56898,66269,27965,Glu
CCC,558721,204684,539528,505471,316228,204684,Gly
GCC,39267,22980,26692,44017,58911,22980,Gly
TCC,346091,139848,206141,233252,227080,139848,Gly
GTG,603386,270855,421293,452383,702770,270855,His
AAT,13588,7669,8021,10386,33596,7669,Ile
GAT,12,14,14,6,40,14,Ile
TAT,1899,68,211,476,2309,68,Ile
AAG,11022,4739,8502,6451,44935,4739,Leu
CAA,1503,464,575,116,2414,464,Leu
CAG,633,593,1975,535,6402,593,Leu
TAA,879,4,6,861,887,4,Leu
TAG,12543,1099,10653,1879,24901,1099,Leu
CTT,43981,32346,27940,46061,101974,32346,Lys
TTT,15437,8780,9228,12970,28905,8780,Lys
CAT,4609,3440,3534,8105,25885,3440,Met
GAA,488,585,360,1875,8508,585,Phe
AGG,32597,15603,20114,23456,49868,15603,Pro
CGG,42486,28920,30884,38875,70219,28920,Pro
GGG,0,0,0,0,0,0,Pro
TGG,110724,53111,59699,87917,132022,53111,Pro
AGA,900,512,537,799,3431,512,Ser
CGA,626,534,310,4,1869,534,Ser
TGA,159,717,836,631,1998,717,Ser
GCT,943,216,954,489,3889,216,Ser
AGT,31740,17082,22778,25904,51155,17082,Thr
CGT,70361,38558,41811,77293,136789,38558,Thr
TGT,2108,485,4631,4249,12172,485,Thr
CCA,70,1430,829,1404,6561,1430,Trp
ATA,1,1,1,1,1,1,Tyr
GTA,1207,340,206,2,935,340,Tyr
AAC,14242,6587,6249,11330,28323,6587,Val
CAC,30366,19988,17517,29873,79494,19988,Val
TAC,17111,6478,9992,18457,36437,6478,Val
